prof_id,rec_id,x,y,cds2d,shore_bath,cds3d_1,slopd_1
1,1,740405.7559,3466968.472,0,-408.3150611,0,-1.248079199
1,2,740404.2342,3466970.103,2.230742617,-408.3636612,2.231271969,-1.660627193
1,3,740401.2114,3466971.699,5.648999068,-408.4627617,5.650964655,-0.693220088
1,4,740400.0191,3466971.387,6.881468958,-408.4776741,6.883524758,-0.476058993
1,5,740397.9502,3466970.57,9.106040768,-408.496158,9.108173358,-0.207947331
1,6,740396.1002,3466969.4,11.29479284,-408.5041018,11.29693985,-0.549435001
1,7,740393.7475,3466968.191,13.93996578,-408.5294684,13.94223441,-0.971698616
1,8,740391.7364,3466968.034,15.95712897,-408.5636814,15.95968772,-1.664308269
1,9,740390.512,3466968.308,17.2117077,-408.6001342,17.21479593,-1.596606548
1,10,740389.8234,3466969.949,18.99175132,-408.6497498,18.99553089,-1.204967556
1,11,740390.1259,3466971.504,20.57564714,-408.6830651,20.57977704,-0.557039879
1,12,740391.693,3466974.196,23.69093032,-408.7133534,23.69520745,-0.517807488
1,13,740393.3819,3466976.379,26.45055526,-408.7382941,26.4549451,-1.416054426
1,14,740393.5481,3466978.278,28.35736788,-408.7854302,28.36234023,-1.745675358
1,15,740393.1826,3466979.808,29.93037769,-408.8333711,29.93608042,-1.854116256
1,16,740390.7235,3466981.188,32.7503631,-408.9246589,32.75754301,-1.226583132
1,17,740388.9458,3466980.845,34.56103337,-408.9634275,34.56862828,-0.927832258
1,18,740387.6564,3466980.375,35.93335359,-408.9856525,35.94112845,-1.971863684
1,19,740386.4464,3466980.814,37.22038368,-409.0299638,37.22892112,-1.531416776
1,20,740386.4412,3466984.559,40.96581368,-409.1300964,40.97568938,0.205447953
1,21,740387.8783,3466985.765,42.84173734,-409.1233698,42.8516251,-0.404333147
1,22,740388.9313,3466987.337,44.73407679,-409.1367242,44.74401167,-1.480291077
1,23,740388.9715,3466988.748,46.1458963,-409.173208,46.15630251,-2.085647907
1,24,740387.8235,3466990.846,48.53723914,-409.2602948,48.54923057,-2.122162199
1,25,740383.7095,3466993.287,53.32064332,-409.437547,53.33591772,-2.12197075
1,26,740382.3633,3466994.07,54.87828491,-409.4952612,54.89462816,-2.185144389
1,27,740381.9183,3466994.692,55.64263029,-409.5244259,55.65952975,-2.168029807
1,28,740380.7207,3466998.125,59.27912295,-409.6620938,59.29862735,-2.149263114
1,29,740379.932,3467000.525,61.80466247,-409.7568756,61.82594479,-2.341813258
1,30,740377.8827,3467002.784,64.85529231,-409.8816315,64.87912452,-2.140411232
1,31,740376.522,3467003.403,66.34988158,-409.9374912,66.3747573,-1.984436032
1,32,740375.3049,3467003.759,67.61808264,-409.9814328,67.64371939,-1.780812278
1,33,740373.6603,3467003.986,69.2782519,-410.0330493,69.30469085,-2.319634333
1,34,740372.4256,3467005.093,70.93634983,-410.1002145,70.96414857,-2.114085987
1,35,740372.2965,3467005.52,71.38280636,-410.1166952,71.41090919,-1.068953354
1,36,740372.728,3467006.647,72.58991987,-410.1392186,72.61823281,-1.815113788
1,37,740372.5157,3467010.879,76.82638442,-410.2734735,76.85682412,-2.25498747
1,38,740370.5211,3467014.715,81.15017482,-410.4437327,81.18396539,-2.214244578
1,39,740369.8253,3467016.274,82.85729112,-410.5097385,82.89235728,-2.147122093
1,40,740368.893,3467018.935,85.67727653,-410.6154651,85.71432394,-2.339009886
1,41,740367.1669,3467021.083,88.43316299,-410.7280324,88.4725084,-2.15908852
1,42,740366.4318,3467023.145,90.62191506,-410.8105506,90.66281543,-1.867693989
1,43,740366.0498,3467027.34,94.83377755,-410.9478951,94.87691666,-1.91857008
1,44,740365.9496,3467028.097,95.59812292,-410.9734991,95.64169075,-1.598124728
1,45,740366.1375,3467030.245,97.75365023,-411.0336378,97.79805683,-1.94890214
1,46,740365.8691,3467031.933,99.46277846,-411.0917958,99.50817426,-2.259475281
1,47,740364.6343,3467033.039,101.1208764,-411.1572173,101.1675623,-2.086371918
1,48,740362.4013,3467034.15,103.6149225,-411.2480758,103.6632628,-2.0557105
1,49,740360.8827,3467034.865,105.2936187,-411.3083314,105.3430401,-2.128072043
1,50,740359.9897,3467037.024,107.6297133,-411.3951383,107.680747,-1.565281471
1,51,740360.0619,3467037.85,108.4587623,-411.417793,108.5101055,-1.845441551
1,52,740359.8296,3467039.951,110.5724307,-411.4858957,110.6248707,-1.804092614
1,53,740359.3239,3467045.222,115.8679597,-411.6526931,115.923026,-1.741735072
1,54,740358.9409,3467047.503,118.1803971,-411.7230105,118.2365322,-1.939157919
1,55,740357.3541,3467048.391,119.9986434,-411.784572,120.0558204,-0.868443474
1,56,740356.4994,3467048.132,120.8915565,-411.7981071,120.9488361,-1.136468657
1,57,740355.0664,3467047.925,122.3394283,-411.8268296,122.3969927,-1.884772116
1,58,740353.6304,3467048.633,123.9405878,-411.8795195,123.9990189,-1.938793595
1,59,740352.4215,3467050.986,126.5857607,-411.9690619,126.645707,-1.360255376
1,60,740352.5515,3467052.472,128.0780488,-412.0044969,128.1384158,-1.362541383
1,61,740352.6455,3467053.546,129.1558125,-412.0301318,129.2164843,-1.364753634
1,62,740352.7683,3467054.95,130.5651957,-412.0637089,130.6262674,-1.490581589
1,63,740352.759,3467057.697,133.3123393,-412.1351935,133.3743409,-1.835466327
1,64,740352.2211,3467059.159,134.8699809,-412.1851095,134.932782,-1.944991659
1,65,740351.0762,3467060.341,136.5155961,-412.2409939,136.5793459,-1.740735459
1,66,740349.3924,3467061.071,138.3507742,-412.2967666,138.4153713,-1.870994066
1,67,740346.6607,3467063.141,141.778067,-412.4087247,141.8444923,-1.709765536
1,68,740344.8809,3467065.627,144.8354485,-412.4999872,144.9032356,-1.614854715
1,69,740343.3344,3467067.926,147.6062587,-412.5781019,147.6751466,-1.408593864
1,70,740341.7621,3467068.979,149.4985981,-412.6246337,149.5680581,-1.178039684
1,71,740340.3077,3467072.918,153.6980612,-412.7109896,153.768409,-0.879483339
1,72,740340.4955,3467075.066,155.8535885,-412.7440793,155.9241903,-0.715361316
1,73,740341.819,3467078.778,159.7948423,-412.7932901,159.8657513,-1.040018078
1,74,740340.8268,3467083.609,164.7261159,-412.8828111,164.7978373,-0.985624401
1,75,740339.6355,3467085.211,166.7227302,-412.917161,166.7947471,-0.775322511
1,76,740338.0559,3467086.181,168.57654,-412.9422482,168.6487267,-0.725340632
1,77,740334.9041,3467088.205,172.32197,-412.9896663,172.3944568,-0.701295996
1,78,740333.1883,3467089.52,174.4838652,-413.016129,174.556514,
2,1,740689.0226,3467159.669,0,-409.6310612,0,-2.290667377
2,2,740686.7194,3467163.782,4.713928963,-409.819623,4.717698788,-1.571195665
2,3,740684.8921,3467164.774,6.793173189,-409.8766555,6.79772505,-0.718159339
2,4,740684.5617,3467164.803,7.124792775,-409.8808123,7.129370688,-0.077030323
2,5,740683.039,3467164.52,8.673584055,-409.8828946,8.678163367,0.278248433
2,6,740682.2668,3467164.255,9.490102591,-409.8789292,9.494691532,0.387657263
2,7,740681.7495,3467164.05,10.04624554,-409.8751664,10.05084721,-0.936998603
2,8,740679.211,3467164.522,12.62830387,-409.9173964,12.63325086,-2.386473271
2,9,740678.4614,3467166.418,14.6674947,-410.0023815,14.67421183,-2.191790823
2,10,740678.735,3467167.643,15.92207343,-410.0503976,15.92970908,-2.084227897
2,11,740679.0767,3467168.695,17.02816271,-410.0906511,17.03653058,-2.179682962
2,12,740679.2099,3467169.266,17.61438886,-410.1129635,17.62318119,-2.283705861
2,13,740678.5533,3467170.322,18.8579623,-410.1625563,18.86774311,0.035582617
2,14,740676.5133,3467169.835,20.95530872,-410.1612538,20.96508993,1.118118383
2,15,740676.0642,3467169.458,21.54153486,-410.1498122,21.55142772,-0.731783817
2,16,740675.4861,3467169.508,22.12186914,-410.1572247,22.13180933,-2.24687864
2,17,740675.1165,3467170.04,22.76937708,-410.18263,22.77981548,-2.230104594
2,18,740675.2714,3467170.859,23.60256098,-410.2150761,23.6136309,-1.741321828
2,19,740675.4654,3467171.175,23.97332295,-410.2263477,23.98456416,-2.424850359
2,20,740675.2755,3467171.857,24.68166269,-410.2563437,24.69353874,-2.363742066
2,21,740675.0638,3467172.292,25.16507715,-410.2762984,25.17736488,-1.546166133
2,22,740674.2669,3467172.694,26.05799022,-410.3004001,26.07060316,-0.446533201
2,23,740672.931,3467172.645,27.3947915,-410.3108186,27.40744505,-0.404338716
2,24,740671.7603,3467172.581,28.56724379,-410.3190928,28.57992653,-1.584994068
2,25,740670.2489,3467173.379,30.27637202,-410.3663851,30.28970893,-2.133954803
2,26,740670.4863,3467174.19,31.12183939,-410.3978887,31.13576304,-2.323812824
2,27,740670.6308,3467175.842,32.77993732,-410.4651751,32.79522566,-1.840109367
2,28,740671.2275,3467176.955,34.04270708,-410.5057441,34.05864694,-1.876959393
2,29,740671.4288,3467177.353,34.48916361,-410.5203748,34.50534313,-2.121323042
2,30,740671.4907,3467179.012,36.14933287,-410.5818692,36.16665091,-1.805219534
2,31,740670.4212,3467180.104,37.67802363,-410.6300496,37.69610074,-1.221868653
2,32,740669.2939,3467180.536,38.88513714,-410.655796,38.90348879,-1.776364478
2,33,740667.5997,3467182.099,41.19013183,-410.7272816,41.20959171,-1.907348709
2,34,740666.0924,3467183.895,43.5350364,-410.8053712,43.55579619,-1.24052485
2,35,740664.3188,3467184.55,45.42555892,-410.8463097,45.44676191,-1.687353245
2,36,740661.4364,3467186.799,49.08184344,-410.954018,49.10463254,-1.763475505
2,37,740660.2017,3467187.906,50.73994137,-411.0050678,50.76351615,-2.046075456
2,38,740659.4973,3467189.366,52.36147324,-411.0629985,52.38608251,-2.024730076
2,39,740659.426,3467190.455,53.45191691,-411.1015489,53.4772074,-1.996518343
2,40,740658.9883,3467191.159,54.28096587,-411.1304495,54.30675994,-2.059411692
2,41,740658.2316,3467192.973,56.24635405,-411.2011229,56.27341838,-1.194664833
2,42,740657.5853,3467193.196,56.93000534,-411.2153796,56.95721831,-0.098925792
2,43,740656.8203,3467193.013,57.71651024,-411.2167376,57.74372439,-0.570351005
2,44,740655.9046,3467193.01,58.63222475,-411.2258534,58.65948427,-1.618314992
2,45,740654.9641,3467193.675,59.78397638,-411.2583932,59.81169547,-1.950874917
2,46,740654.5192,3467194.296,60.54832176,-411.2844286,60.57648414,-1.318508937
2,47,740654.2786,3467194.4,60.81049007,-411.2904628,60.83872187,-0.293876153
2,48,740653.1833,3467194.246,61.91657934,-411.2961361,61.9448257,1.542947221
2,49,740652.8777,3467193.607,62.62491909,-411.2770562,62.65342237,1.288286685
2,50,740652.2129,3467192.667,63.77667072,-411.2511549,63.8054652,0.833803415
2,51,740652.0332,3467192.516,64.01116118,-411.2477422,64.0399805,-1.492165896
2,52,740650.845,3467193.203,65.3834814,-411.2834899,65.41276623,-1.912064611
2,53,740649.571,3467194.812,67.4361102,-411.3520153,67.46653855,-2.020891794
2,54,740649.4925,3467195.818,68.4446918,-411.387604,68.47574784,-1.924783682
2,55,740649.572,3467196.726,69.35664566,-411.4182515,69.38821653,-2.050468375
2,56,740649.2964,3467198.331,70.98546843,-411.4765678,71.01808292,-2.061721056
2,57,740648.9237,3467199.779,72.48005771,-411.530372,72.51364034,-2.043677614
2,58,740648.0916,3467201.683,74.55764846,-411.6045088,74.59255342,-1.744555111
2,59,740648.3723,3467202.989,75.89444975,-411.6452247,75.92997462,-1.350987096
2,60,740649.0413,3467204.928,77.94540362,-411.6935934,77.98149876,-1.607601036
2,61,740649.0743,3467206.257,79.27447021,-411.7308941,79.31108868,-0.73212686
2,62,740650.1666,3467207.326,80.80316097,-411.7504288,80.83990425,-1.057423321
2,63,740651.1297,3467208.823,82.58320459,-411.7832841,82.62025105,-0.375064752
2,64,740651.8338,3467209.261,83.41225355,-411.7887113,83.44931778,-1.580658157
2,65,740652.0402,3467212.572,86.72948556,-411.8802493,86.76781253,-1.688184339
2,66,740651.9329,3467213.247,87.41313685,-411.9003984,87.45176068,-1.607641647
2,67,740649.9734,3467215.582,90.46151281,-411.9859542,90.50133701,-1.33605992
2,68,740649.1836,3467216.068,91.38841773,-412.0075723,91.42849399,-1.661615386
2,69,740647.7354,3467218.176,93.94606471,-412.0817665,93.98721689,-1.720275696
2,70,740646.0857,3467222.148,98.24754274,-412.210955,98.29063448,-1.672883186
2,71,740645.492,3467226.777,102.9145804,-412.3472587,102.9596621,-1.291611711
2,72,740643.1877,3467228.976,106.0996825,-412.4190722,106.1455737,-1.198347188
2,73,740641.6196,3467231.028,108.6817408,-412.4730841,108.7281968,-1.247115681
2,74,740640.0627,3467234.16,112.1795022,-412.5492294,112.226787,-1.243749261
2,75,740639.051,3467235.913,114.2034687,-412.5931716,114.2512304,-1.17097793
2,76,740636.7913,3467238.258,117.4604193,-412.6597445,117.5088614,-1.070020049
2,77,740633.9699,3467240.253,120.9156742,-412.7242802,120.9647189,-1.236312381
2,78,740632.8538,3467241.765,122.7952582,-412.7648436,122.8447406,-1.219976974
2,79,740631.0451,3467243.921,125.6091437,-412.8247677,125.6592641,-1.045123522
2,80,740626.1486,3467246.929,131.3559542,-412.929606,131.4070308,-1.126955434
2,81,740623.5139,3467249.157,134.8062325,-412.9974785,134.8579766,
3,1,740807.4265,3467199.611,0,-409.2234317,0,-2.014265425
3,2,740805.1056,3467211.133,11.75262807,-409.6367723,11.75989442,-0.861565324
3,3,740808.8303,3467219.462,20.87668764,-409.7739825,20.88498565,-1.915512867
3,4,740808.2852,3467220.841,22.35973552,-409.8235823,22.36886271,-1.996176746
3,5,740804.2382,3467227.853,30.45560135,-410.1057552,30.46964447,-1.851004386
3,6,740797.8334,3467230.743,37.4824944,-410.3328459,37.50020604,-0.906206631
3,7,740792.1017,3467229.913,43.27398148,-410.4244534,43.29241759,-1.758720118
3,8,740787.9391,3467235.604,50.32431059,-410.6409344,50.34606945,-1.186135791
3,9,740788.6328,3467243.532,58.28318065,-410.8057223,58.30664529,-1.186151351
3,10,740788.9218,3467246.836,61.59937651,-410.8743848,61.62355191,-1.421749225
3,11,740787.9348,3467254.579,69.40477455,-411.0681093,69.43135363,-1.645948909
3,12,740785.8535,3467257.424,72.9299391,-411.1694054,72.95797326,-1.458650709
3,13,740784.8913,3467257.841,73.97861231,-411.1961086,74.00698639,-1.530724011
3,14,740782.5086,3467261.045,77.97184091,-411.3028178,78.00164052,-0.693969032
3,15,740783.4294,3467263.961,81.02922243,-411.3398507,81.05924631,0.06348184
3,16,740786.6917,3467267.004,85.49070766,-411.3349075,85.52073428,-1.215557645
3,17,740785.7047,3467274.747,93.2961057,-411.5005277,93.32788924,-1.304332101
3,18,740785.2174,3467276.787,95.39345212,-411.5482818,95.42577924,-1.493840563
3,19,740782.0872,3467279.058,99.26076783,-411.649135,99.29440976,-1.032503167
3,20,740779.0851,3467278.988,102.2637109,-411.7032556,102.2978405,-1.435981917
3,21,740777.8706,3467281.277,104.8555836,-411.7682283,104.8905274,-1.192222216
3,22,740777.1356,3467283.339,107.0443356,-411.8137789,107.0797534,-1.093561324
3,23,740776.9528,3467284.104,107.8308405,-411.8287921,107.8664016,-1.342179662
3,24,740775.8079,3467285.286,109.4764557,-411.8673485,109.5124684,-1.245966783
3,25,740774.598,3467285.725,110.7634858,-411.8953409,110.7998029,-0.934930906
3,26,740773.4417,3467285.826,111.9241544,-411.914282,111.960626,-1.109896371
3,27,740771.7507,3467286.473,113.7348247,-411.9493615,113.771636,-1.157825928
3,28,740771.3202,3467287.26,114.6315782,-411.9674854,114.6685727,-1.194227585
3,29,740769.5363,3467288.748,116.9543953,-412.0159074,116.9918944,-1.052082016
3,30,740765.1631,3467290.129,121.5404676,-412.1001277,121.57874,-0.733887069
3,31,740763.565,3467289.936,123.1501895,-412.1207473,123.1885939,-1.15665366
3,32,740761.939,3467291.326,125.2897141,-412.1639446,125.3285546,-0.886266288
3,33,740761.7997,3467292.587,126.5579152,-412.1835631,126.5969074,-0.980396535
3,34,740760.9861,3467295.654,129.7311265,-412.2378657,129.7705833,-1.126860103
3,35,740759.3818,3467297.292,132.0241626,-412.2829696,132.064063,-0.739335067
3,36,740756.1476,3467297.06,135.2666555,-412.3248125,135.3068259,-0.332893964
3,37,740754.8365,3467296.343,136.7612448,-412.3334963,136.8014404,0.228852642
3,38,740754.3513,3467295.553,137.6881497,-412.329794,137.7283527,-0.244618922
3,39,740751.9697,3467294.014,140.5239335,-412.3419012,140.5641623,-1.038132166
3,40,740749.5147,3467296.392,143.94219,-412.4038427,143.9829799,-0.984778765
3,41,740748.0859,3467297.183,145.575227,-412.4319135,145.6162583,-0.697224794
3,42,740746.5848,3467297.148,147.0766986,-412.4501857,147.117841,-0.871304758
3,43,740745.6174,3467301.31,151.3501223,-412.5151772,151.3917589,-0.965856611
3,44,740742.925,3467302.877,154.4654055,-412.5676977,154.5074848,-0.640373578
3,45,740740.8314,3467302.728,156.5643898,-412.5911582,156.6066002,0.0225022
3,46,740738.4528,3467300.273,159.9826463,-412.5898158,160.0248569,-0.5625672
3,47,740736.9301,3467299.99,161.5314375,-412.6050233,161.5737228,-0.890740062
3,48,740732.3309,3467301.64,166.4179059,-412.6809961,166.4607817,-0.925336785
3,49,740730.0586,3467303.254,169.2047932,-412.7260088,169.2480325,-0.769654709
3,50,740729.2988,3467305.984,172.0381521,-412.7640716,172.0816471,-0.337422292
3,51,740729.5476,3467307.876,173.9467662,-412.7753118,173.9902943,-0.245676339
3,52,740730.2599,3467310.31,176.4831683,-412.7861876,176.5267197,-0.385434308
3,53,740730.5386,3467314.447,180.6292421,-412.8140791,180.6728873,-0.555845669
3,54,740729.4308,3467317.956,184.3089496,-412.8497783,184.352768,-0.593146578
3,55,740727.8667,3467321.006,187.7362424,-412.8852601,187.7802444,-0.605990195
3,56,740726.0115,3467323.581,190.9105365,-412.9188344,190.9547161,-0.600165114
3,57,740722.4901,3467326.136,195.2612667,-412.9644093,195.305685,-0.578697011
3,58,740720.8352,3467327.197,197.2266549,-412.9842607,197.2711734,-0.534477613
3,59,740713.6871,3467330.152,204.9617306,-413.0564187,205.0065857,
4,1,741348.4222,3467423.42,0,-403.4732233,0,-2.283261649
4,2,741341.6746,3467430.003,9.426399747,-403.8490684,9.433889533,-2.418545896
4,3,741338.2017,3467435.965,16.32695632,-404.140525,16.34059844,-2.36205045
4,4,741337.4996,3467439.356,19.78916644,-404.2833375,19.80575274,-2.039107925
4,5,741334.1898,3467441.476,23.7199428,-404.4232895,23.73901975,-1.687327883
4,6,741331.4396,3467442.383,26.61568634,-404.5085922,26.63601944,-1.48327896
4,7,741332.2448,3467443.977,28.40151246,-404.5548342,28.42244415,-1.1237054
4,8,741333.9482,3467446.324,31.30199924,-404.6117269,31.32348885,-2.18338623
4,9,741333.4753,3467448.529,33.55725625,-404.6977102,33.58038435,-2.24203137
4,10,741330.246,3467453.472,39.46157512,-404.9288691,39.48922652,-2.096559677
4,11,741329.6287,3467454.026,40.29062408,-404.9592191,40.31883082,-1.905415449
4,12,741329.9755,3467457.99,44.27005911,-405.0916071,44.30046739,-0.201745778
4,13,741332.0877,3467459.303,46.75720601,-405.1003647,46.7876297,-2.043662362
4,14,741332.0381,3467460.639,48.0940073,-405.1480668,48.12528182,-1.005175077
4,15,741328.2101,3467460.641,51.92202362,-405.2152309,51.95388731,-1.90298076
4,16,741328.2246,3467460.806,52.08783342,-405.22074,52.1197886,-2.117326115
4,17,741327.9169,3467462.997,54.30001197,-405.3025268,54.33347852,-0.825156408
4,18,741329.5769,3467464.849,56.78715887,-405.3383484,56.82088336,-1.018429155
4,19,741331.0862,3467466.881,59.31813551,-405.3833411,59.35225989,-2.21079878
4,20,741329.1701,3467469.711,62.73639196,-405.5153025,62.77306257,-1.739173841
4,21,741324.7185,3467472.098,67.78747101,-405.6686716,67.8264695,-1.974412786
4,22,741322.9387,3467474.584,70.84485252,-405.7740707,70.88566722,-1.523844209
4,23,741323.5436,3467477.694,74.01264417,-405.8583415,74.05457957,-0.944537604
4,24,741325.0818,3467480.056,76.83141065,-405.9048139,76.87372911,-1.519579307
4,25,741325.6579,3467482.835,79.66961713,-405.9801055,79.71293408,-1.944010055
4,26,741323.5621,3467485.515,83.07174964,-406.095582,83.1170258,-1.669484286
4,27,741320.5538,3467487.276,86.55770091,-406.1971844,86.60445742,-1.931511551
4,28,741319.3624,3467488.878,88.55431521,-406.2645183,88.60220678,-1.846240938
4,29,741318.7182,3467492.929,92.65622295,-406.3967397,92.70624499,-1.229995817
4,30,741319.7609,3467495.335,95.27790597,-406.4530293,95.32853224,-1.470525406
4,31,741319.8124,3467497.827,97.77057373,-406.517019,97.8220212,-1.607781957
4,32,741318.1255,3467499.472,100.1271737,-406.5831651,100.1795493,-0.876803825
4,33,741320.3389,3467503.844,105.0270916,-406.6581549,105.080041,-1.540932554
4,34,741319.7876,3467507.054,108.2847372,-406.7457883,108.3388651,-1.576362914
4,35,741318.2514,3467508.52,110.4081386,-406.8042236,110.4630704,-1.029848346
4,36,741315.7881,3467508.902,112.9008063,-406.8490323,112.9561408,-0.099117678
4,37,741314.3945,3467508.192,114.4650528,-406.8517383,114.5203896,-0.820774083
4,38,741312.563,3467508.186,116.2964818,-406.8779757,116.3520066,-1.229661641
4,39,741312.9016,3467510.154,118.2930961,-406.9208329,118.3490808,-0.740608654
4,40,741315.2162,3467513.779,122.5945741,-406.9764372,122.6509182,-0.535089308
4,41,741316.6966,3467515.481,124.8498312,-406.9974998,124.9062736,-1.003586012
4,42,741317.7537,3467518.051,127.6293098,-407.0461898,127.6861786,-0.745059778
4,43,741320.0826,3467521.842,132.0784534,-407.1040486,132.1356984,-0.599263714
4,44,741322.2898,3467526.143,136.912598,-407.1546113,136.9701075,-1.163792734
4,45,741321.9677,3467528.168,138.9635519,-407.1962761,139.0214845,-1.227146585
4,46,741318.565,3467531.129,143.4740659,-407.2928959,143.5330333,-1.13728064
4,47,741316.6695,3467532.294,145.6986377,-407.3370579,145.7580434,-1.226402634
4,48,741315.823,3467534.032,147.6322956,-407.3784537,147.6921443,-0.49982506
4,49,741317.5552,3467536.71,150.8217106,-407.4062775,150.8816807,-0.888211521
4,50,741317.8505,3467538.182,152.3231822,-407.4295555,152.3833327,-1.194500341
4,51,741315.7114,3467540.367,155.3805637,-407.493305,155.4413787,-0.730883096
4,52,741314.2248,3467540.497,156.8728518,-407.5123421,156.9337883,-1.104758152
4,53,741313.7953,3467543.198,159.607457,-407.5650764,159.6689019,0.137931025
4,54,741316.2234,3467544.317,162.2810595,-407.5586401,162.3425122,0.160971349
4,55,741318.8167,3467545.421,165.099826,-407.5507208,165.1612898,0.10744938
4,56,741321.7837,3467546.993,168.4572184,-407.5444245,168.5186881,-0.867954353
4,57,741319.8965,3467550.154,172.1387933,-407.6001997,172.2006855,-0.693247105
4,58,741316.4711,3467550.953,175.6561502,-407.6427598,175.7182998,-0.340929645
4,59,741314.0719,3467550.164,178.1816897,-407.6577878,178.243884,-0.769293161
4,60,741312.4779,3467550.969,179.9675158,-407.681767,180.0298712,-0.792641942
4,61,741310.6114,3467552.464,182.3588587,-407.7148515,182.4214428,-0.633120463
4,62,741310.2252,3467555.66,185.5783025,-407.7504279,185.6410832,0.240385269
4,63,741312.8185,3467556.765,188.397069,-407.7386017,188.4598745,-0.194142571
4,64,741313.9541,3467558.33,190.3307268,-407.7451537,190.3935435,-0.431295554
4,65,741314.6375,3467560.434,192.5429054,-407.7618063,192.6057847,-0.751957277
4,66,741312.9155,3467563.581,196.1299196,-407.8088854,196.1931079,-0.712733216
4,67,741310.8982,3467565.255,198.7516027,-407.8414997,198.8149938,-0.519601823
4,68,741311.3235,3467568.214,201.7407812,-407.8686086,201.8042953,-0.13730483
4,69,741313.508,3467570.353,204.7981627,-407.8759353,204.8616856,-0.60814741
4,70,741312.5107,3467572.271,206.9600579,-407.8988829,207.0237025,-0.435775581
4,71,741311.5279,3467574.354,209.2635612,-407.9164031,209.3272724,-0.370142212
4,72,741307.5925,3467575.032,213.2567898,-407.9422005,213.3205844,-0.409485538
4,73,741306.6448,3467575.614,214.3690757,-407.95015,214.4328987,-0.192761147
4,74,741307.386,3467578.378,217.2313965,-407.9597798,217.2952357,-0.218190078
4,75,741307.6667,3467579.685,218.5681978,-407.9648705,218.6320467,-0.375670931
4,76,741305.4554,3467581.044,221.1635316,-407.9818876,221.2274362,-0.325032798
4,77,741300.2853,3467582.828,226.6327419,-408.0129142,226.6967346,-0.32222495
4,78,741297.4421,3467584.575,229.9695996,-408.0316805,230.0336451,-0.132257044
4,79,741297.9026,3467586.032,231.4982904,-408.0352092,231.5623399,-0.088392082
4,80,741299.6782,3467589.206,235.134783,-408.0408193,235.1988369,-0.033585673
4,81,741301.1441,3467590.742,237.2581845,-408.042064,237.3222386,-0.20056023
4,82,741301.7202,3467593.521,240.0963909,-408.051999,240.1604625,-0.230897294
4,83,741301.908,3467595.668,242.2519182,-408.0606857,242.3160073,-0.154555408
4,84,741299.9114,3467595.677,244.2485325,-408.0660715,244.3126289,-0.209320148
4,85,741297.6712,3467596.705,246.7134723,-408.0750768,246.7775851,-0.05854117
4,86,741297.6361,3467598.206,248.2149439,-408.0766109,248.2790574,0.039510681
4,87,741299.1165,3467599.907,250.4702009,-408.0750557,250.534315,0.007753912
4,88,741299.6987,3467600.855,251.5824868,-408.0749052,251.6466009,-0.083067066
4,89,741299.1591,3467604.199,254.970074,-408.0798165,255.0341916,-0.098652053
4,90,741297.8748,3467606.642,257.7296989,-408.084568,257.7938207,-0.061863038
4,91,741297.7757,3467609.314,260.4033015,-408.0874547,260.4674248,0.013358298
4,92,741300.8005,3467611.546,264.1624695,-408.0865783,264.2265929,-0.042456618
4,93,741302.7413,3467614.705,267.8700892,-408.0893257,267.9342136,-0.073616951
4,94,741300.1996,3467616.092,270.7658327,-408.0930463,270.8299596,-0.053662945
4,95,741298.7419,3467616.553,272.2945235,-408.0944781,272.358651,-0.029957184
4,96,741296.2353,3467616.439,274.8036809,-408.09579,274.8678088,-0.008470096
4,97,741295.366,3467616.016,275.7705099,-408.0959329,275.8346377,-0.051547537
4,98,741293.6791,3467617.661,278.1271098,-408.0980531,278.1912386,-0.037644888
4,99,741293.8814,3467619.974,280.4484469,-408.0995783,280.5125762,-0.013644629
4,100,741295.9792,3467621.122,282.8397897,-408.1001478,282.9039191,-0.248802303
4,101,741295.4279,3467624.333,286.0974353,-408.1142939,286.1615954,-0.239243988
4,102,741292.9729,3467626.711,289.5156917,-408.1285672,289.5798817,-0.121018663
4,103,741295.6384,3467628.642,292.8069222,-408.1355189,292.8711194,0.011633316
4,104,741299.2083,3467629.494,296.4772784,-408.1347737,296.5414757,-0.011266052
4,105,741301.622,3467630.448,299.0726122,-408.135284,299.1368095,0.010673376
4,106,741303.5112,3467631.115,301.0760995,-408.1349108,301.1402969,-0.176980029
4,107,741304.015,3467633.069,303.0932627,-408.1411416,303.1574697,-0.158455264
4,108,741304.7129,3467635.338,305.4672977,-408.1477072,305.5315138,-0.246618815
4,109,741303.2923,3467638.125,308.5957906,-408.1611732,308.6600357,-0.226362186
4,110,741300.2262,3467639.226,311.8534361,-408.1740435,311.9177066,-0.278728627
4,111,741296.9019,3467641.181,315.7100735,-408.1928052,315.7743897,-0.309299295
4,112,741295.8035,3467641.943,317.0468748,-408.2000217,317.1112105,-0.166148901
4,113,741297.0547,3467644.829,320.1928944,-408.2091447,320.2572433,0.150683968
4,114,741299.9494,3467645.575,323.182073,-408.2012833,323.2464322,0.165922691
4,115,741305.5737,3467647.08,329.0043346,-408.1844226,329.0687182,-0.503653424
4,116,741304.9357,3467649.299,331.3137978,-408.2047242,331.3782706,-0.369919345
4,117,741303.1476,3467649.789,333.1676076,-408.2166932,333.2321191,-0.403407483
4,118,741300.5626,3467650.681,335.9022128,-408.2359473,335.966792,-0.527029443
4,119,741299.3279,3467651.787,337.5603107,-408.2511996,337.6249601,-0.527687078
4,120,741299.0202,3467653.978,339.7724893,-408.271574,339.8372325,-0.548280181
4,121,741298.8984,3467654.488,340.2968259,-408.2765917,340.3615931,-0.575706158
4,122,741297.0896,3467656.644,343.1107114,-408.3048665,343.1756207,-0.587949267
4,123,741296.4867,3467657.362,344.0486732,-408.3144919,344.1136319,-0.528002497
4,124,741294.742,3467658.347,346.0521606,-408.3329553,346.1172043,-0.541489276
4,125,741294.5839,3467660.794,348.5042503,-408.3561301,348.5694036,-0.19010221
4,126,741291.6892,3467660.049,351.4934289,-408.366048,351.5585986,-0.574465153
4,127,741289.1619,3467661.601,354.4595246,-408.395788,354.5248435,-0.66073984
4,128,741287.9995,3467663.534,356.7147816,-408.4217969,356.7802504,-0.436423962
4,129,741285.8522,3467663.722,358.870309,-408.438216,358.9358403,-0.621357794
4,130,741285.6808,3467665.568,360.7241188,-408.4583209,360.7897591,-0.077711969
4,131,741286.4137,3467666.336,361.7858195,-408.4597609,361.8514608,-0.583143029
4,132,741286.3786,3467667.837,363.287291,-408.475043,363.3530101,-0.768391745
4,133,741284.9787,3467668.958,365.0807982,-408.4990971,365.1466785,-0.786010177
4,134,741281.9848,3467670.884,368.6408854,-408.5479391,368.7071008,-0.428449791
4,135,741280.2897,3467670.533,370.3719905,-408.5608843,370.4382543,-0.554517419
4,136,741280.3619,3467671.359,371.2010394,-408.5689082,371.2673421,-0.927230913
4,137,741278.6544,3467674.671,374.9271511,-408.629214,374.9939417,-0.712518028
4,138,741278.7844,3467676.157,376.4194392,-408.6477728,376.4863452,-0.972479324
4,139,741278.3322,3467676.696,377.1229106,-408.6597139,377.189918,-0.983935913
4,140,741276.2365,3467679.376,380.5250431,-408.7181442,380.5925522,-0.605217149
4,141,741274.5703,3467679.356,382.1914109,-408.7357468,382.259013,-1.003402219
4,142,741273.6659,3467680.433,383.5983537,-408.7603886,383.6661715,-0.816207439
4,143,741273.5668,3467683.105,386.2719562,-408.798478,386.3400454,-0.927381176
4,144,741272.7698,3467683.508,387.1648693,-408.8129318,387.2330754,-0.546034992
4,145,741271.0891,3467683.322,388.855804,-408.8290471,388.9240869,-0.502132336
4,146,741269.7388,3467683.107,390.2231066,-408.8410303,390.291442,-0.996302302
4,147,741268.9562,3467683.675,391.1899355,-408.8578439,391.2584171,-1.0340517
4,148,741267.42,3467685.141,393.3133369,-408.8961704,393.3821644,-0.867690796
4,149,741267.2775,3467687.317,395.4942243,-408.9292004,395.5633018,-0.85616836
4,150,741267.164,3467689.824,398.0033817,-408.9666974,398.0727395,-0.941974326
4,151,741266.7056,3467692.194,400.4176088,-409.0063922,400.4872928,-1.052780275
4,152,741264.6738,3467693.703,402.9485854,-409.0529029,403.0186968,-0.918189423
4,153,741260.2285,3467694.259,407.4285193,-409.1247019,407.499206,-0.776983924
4,154,741259.2229,3467694.18,408.4371009,-409.13838,408.5078803,-1.218633248
4,155,741257.3853,3467696.006,411.0271327,-409.1934761,411.098498,-1.188595645
4,156,741256.7039,3467697.73,412.8809425,-409.2319388,412.9527068,-1.19997259
4,157,741252.7045,3467699.577,417.2866182,-409.3242224,417.359349,-0.603084871
4,158,741249.8098,3467698.832,420.2757968,-409.3556871,420.3486931,-0.349696433
4,159,741248.9405,3467698.409,421.2426257,-409.3615881,421.3155401,-1.296703438
4,160,741247.6562,3467700.851,424.0022507,-409.4240539,424.0758719,-0.730791753
4,161,741248.6349,3467704.427,427.7098703,-409.4713461,427.7837932,-1.26368189
4,162,741248.226,3467705.462,428.8221562,-409.495882,428.8963497,-1.356231211
4,163,741246.281,3467707.962,431.9899479,-409.5708798,432.065029,-1.224614504
4,164,741245.1537,3467708.394,433.1970614,-409.5966841,433.2724183,-1.377874397
4,165,741243.7971,3467710.01,435.3074755,-409.647446,435.3834428,-1.255657937
4,166,741240.0703,3467711.169,439.2101745,-409.7329888,439.2870792,-0.773122591
4,167,741235.6456,3467710.058,443.7722043,-409.7945505,443.8495243,-1.477517333
4,168,741234.3179,3467712.005,446.1288043,-409.8553349,446.206908,-1.065565051
4,169,741234.32,3467715.833,449.9568206,-409.926535,450.0355865,-1.36340443
4,170,741233.7893,3467717.377,451.5898577,-409.965402,451.669086,-0.378003047
4,171,741234.9682,3467719.438,453.9638926,-409.9810646,454.0431726,-0.960448182
4,172,741235.1272,3467721.255,455.7878003,-410.0116416,455.8673366,-1.535246872
4,173,741233.878,3467722.196,457.3520468,-410.0535658,457.4321448,-1.517772508
4,174,741232.2985,3467723.167,459.2058566,-410.102685,459.2866053,-1.556417824
4,175,741229.7361,3467726.221,463.1921944,-410.210999,463.2744143,-1.503879851
4,176,741227.5908,3467730.236,467.7451756,-410.3305315,467.8289642,-1.380121883
4,177,741224.493,3467730.975,470.9298119,-410.4072568,471.0145247,-0.70657869
4,178,741225.4139,3467733.89,473.9871934,-410.4449627,474.0721387,-0.868153421
4,179,741225.7236,3467735.528,475.6535612,-410.4702137,475.7386978,-1.46266981
4,180,741224.9059,3467737.597,477.878133,-410.5270158,477.9639947,-1.623139939
4,181,741223.3842,3467739.228,480.1088757,-410.5902277,480.1956328,-1.550532189
4,182,741223.0972,3467739.752,480.7067114,-410.6064102,480.7936874,-1.62493815
4,183,741222.1928,3467740.83,482.1136541,-410.6463226,482.2011962,-1.387947009
4,184,741221.5692,3467743.215,484.5785939,-410.7060456,484.6668594,-1.653347855
4,185,741219.1431,3467745.924,488.2150866,-410.8110106,488.3048666,-1.607137015
4,186,741217.8155,3467747.871,490.5716865,-410.8771302,490.6623939,-1.383044474
4,187,741216.1637,3467748.015,492.2297844,-410.9171623,492.320975,-1.235662643
4,188,741215.856,3467750.206,494.441963,-410.9648784,494.5336681,0.205284075
4,189,741217.1279,3467751.426,496.2045453,-410.9585632,496.2962617,-0.650959201
4,190,741217.3653,3467752.238,497.0500126,-410.9681693,497.1417837,-1.336640773
4,191,741216.9998,3467753.768,498.6230224,-411.0048724,498.7152216,-1.685005867
4,192,741215.2696,3467754.918,500.7006132,-411.0659897,500.7937111,-1.595379154
4,193,741213.9771,3467755.364,502.0679158,-411.1040715,502.1615439,-1.6718917
4,194,741212.6205,3467756.98,504.1783299,-411.1656709,504.2728569,-0.007840004
4,195,741213.7416,3467758.38,505.971837,-411.1659163,506.066364,0.421050368
4,196,741215.5235,3467759.722,508.2025796,-411.1495229,508.2971669,0.339564801
4,197,741216.7809,3467760.777,509.8440128,-411.1397948,509.9386289,-0.940224757
4,198,741216.8676,3467761.768,510.8388716,-411.156122,510.9336216,-1.663119779
4,199,741215.0733,3467764.089,513.7723463,-411.2412956,513.8683326,-1.685449247
4,200,741214.0182,3467765.347,515.4137795,-411.289595,515.5104762,-1.517062543
4,201,741211.5364,3467771.223,521.7926096,-411.4585314,521.891543,-1.618453987
4,202,741208.7799,3467773.961,525.6776572,-411.5683029,525.7781411,-1.656046075
4,203,741203.5602,3467777.08,531.7586056,-411.7441123,531.8616304,-1.429689558
4,204,741202.0178,3467780.378,535.3988765,-411.8349661,535.5030349,-0.181558609
4,205,741203.0172,3467782.288,537.5544038,-411.8417965,537.658573,-0.947671264
4,206,741202.9965,3467783.954,539.2207716,-411.8693608,539.3251687,-1.652776733
4,207,741201.4603,3467785.42,541.344173,-411.9306302,541.4494539,-1.62238316
4,208,741198.0638,3467786.549,544.9235145,-412.0320097,545.0302308,-0.838158461
4,209,741194.4216,3467784.87,548.9339184,-412.0906806,549.0410638,-1.388153934
4,210,741188.6259,3467785.211,554.7396293,-412.231368,554.8484792,-1.566193494
4,211,741183.6065,3467786.815,560.009147,-412.3754474,560.1199662,-1.589466297
4,212,741177.3338,3467795.02,570.3373803,-412.6620408,570.452175,
